,City,Cloudiness,Country,Date,Humidity,Lat,Lng,Max Temp,Wind Speed
0,benito juarez,75,MX,1587428189,34,19.39,-99.17,80.6,17.22
1,hobart,40,AU,1587427898,66,-42.88,147.33,55.0,9.17
2,rikitea,24,PF,1587428092,71,-23.12,-134.97,77.13,9.42
3,santiago,69,CL,1587428102,23,-33.46,-70.65,77.0,8.05
4,victoria,20,HK,1587428114,74,22.29,114.16,81.0,4.7
5,hilo,1,US,1587428132,54,19.73,-155.09,82.4,18.34
6,esperance,11,AU,1587428108,82,-33.87,121.9,57.2,10.29
7,kavieng,71,PG,1587428108,68,-2.57,150.8,84.83,4.34
8,cape town,75,ZA,1587427959,93,-33.93,18.42,59.0,2.24
9,saskylakh,84,RU,1587427926,97,71.92,114.08,24.49,10.07
10,san pedro,20,PH,1587428195,70,14.35,121.02,88.0,6.93
11,cherskiy,100,RU,1587428111,94,68.75,161.3,14.41,7.52
12,tual,23,ID,1587428196,74,-5.67,132.75,84.09,7.23
13,clyde river,90,CA,1587428197,77,70.47,-68.59,1.4,10.29
14,shimoni,95,KE,1587428197,79,-4.65,39.38,79.65,11.72
15,dinghai,90,CN,1587428198,93,26.28,119.79,62.6,8.95
16,kruisfontein,96,ZA,1587428149,76,-34.0,24.73,61.18,10.56
17,kapaa,90,US,1587428099,61,22.08,-159.32,80.6,16.11
18,sao filipe,2,CV,1587428117,77,14.9,-24.5,72.45,13.15
19,jamestown,1,US,1587428094,32,42.1,-79.24,44.01,5.82
20,kieta,60,PG,1587428146,67,-6.22,155.63,85.28,0.85
21,tuktoyaktuk,90,CA,1587428128,84,69.45,-133.04,8.6,9.17
22,cay,98,TR,1587428202,48,38.59,31.03,57.42,1.23
23,busselton,23,AU,1587428120,73,-33.65,115.33,62.01,11.05
24,sisimiut,68,GL,1587428203,90,66.94,-53.67,25.92,2.26
25,camana,33,PE,1587428204,74,-16.62,-72.71,69.53,4.9
26,ushuaia,75,AR,1587428204,75,-54.8,-68.3,44.6,32.21
27,longyearbyen,20,SJ,1587428097,62,78.22,15.64,21.2,24.16
28,saquena,9,PE,1587428205,65,-4.67,-73.52,75.87,1.34
29,gaoyou,81,CN,1587428206,74,32.79,119.43,52.79,4.47
30,rudbar,61,AF,1587428208,27,30.15,62.6,75.7,7.61
31,bengkulu,49,ID,1587428117,78,-3.8,102.27,78.85,4.47
32,aanekoski,84,FI,1587428209,91,62.69,25.82,36.0,4.7
33,mar del plata,40,AR,1587428108,88,-38.0,-57.56,62.6,8.05
34,bluff,87,NZ,1587428210,73,-46.6,168.33,57.0,5.01
35,petropavlovsk-kamchatskiy,58,RU,1587428211,27,53.05,158.65,37.4,8.95
36,tarsus,29,TR,1587428160,100,36.92,34.88,59.0,1.12
37,kodiak,90,US,1587428088,87,57.79,-152.41,44.6,10.29
38,saint-philippe,75,RE,1587428100,68,-21.36,55.77,71.6,5.82
39,puerto ayora,40,EC,1587428101,70,-0.74,-90.35,84.2,13.87
40,mazatlan,40,MX,1587428214,69,23.22,-106.42,77.0,8.05
41,red bank,1,US,1587428214,39,40.35,-74.06,51.01,3.36
42,punta arenas,40,CL,1587428090,76,-53.15,-70.92,48.2,5.82
43,barrow,90,US,1587427802,84,71.29,-156.79,6.8,8.05
44,airai,68,TL,1587428216,63,-8.93,125.41,67.23,3.44
45,vaini,75,TO,1587428093,78,-21.2,-175.2,82.4,10.29
46,los llanos de aridane,40,ES,1587428109,68,28.66,-17.92,66.2,21.92
47,miragoane,17,HT,1587428218,73,18.44,-73.09,80.89,9.64
48,norman wells,90,CA,1587428099,80,65.28,-126.83,33.8,5.82
49,raudeberg,0,NO,1587428221,71,61.99,5.14,46.99,4.74
50,caravelas,20,BR,1587428158,80,-17.71,-39.25,75.79,12.66
51,port alfred,45,ZA,1587428095,92,-33.59,26.89,64.99,1.99
52,emilio carranza,19,MX,1587428223,81,19.97,-96.61,81.68,1.41
53,dikson,100,RU,1587428099,98,73.51,80.55,30.31,23.2
54,sitka,90,US,1587428119,93,57.05,-135.33,44.6,12.75
55,arraial do cabo,1,BR,1587428108,74,-22.97,-42.03,74.43,6.11
56,codrington,93,AU,1587428090,67,-38.27,141.97,58.64,18.43
57,port augusta,17,AU,1587428226,72,-32.5,137.77,66.99,9.17
58,bayshore gardens,75,US,1587428226,88,27.43,-82.59,75.0,3.36
59,chokurdakh,100,RU,1587428108,97,70.63,147.92,22.24,6.04
60,hermanus,99,ZA,1587428095,99,-34.42,19.23,57.0,8.05
61,vestmanna,0,FO,1587428228,93,62.16,-7.17,41.0,6.93
62,wanaka,94,NZ,1587428229,52,-44.7,169.15,53.1,4.65
63,hofn,87,IS,1587428115,84,64.25,-15.21,45.84,3.04
64,mataura,93,NZ,1587428101,73,-46.19,168.86,57.0,5.01
65,constitucion,42,CL,1587427927,56,-35.33,-72.42,60.82,9.71
66,meulaboh,58,ID,1587428151,83,4.14,96.13,79.21,4.5
67,grindavik,90,IS,1587428142,100,63.84,-22.43,46.4,26.4
68,shar,0,KZ,1587428232,53,49.59,81.05,47.44,1.7
69,butaritari,95,KI,1587428093,78,3.07,172.79,82.62,13.69
70,asha,100,RU,1587428233,87,55.0,57.27,38.8,5.21
71,husavik,56,IS,1587428109,75,66.04,-17.34,44.6,13.87
72,kasama,15,ZM,1587428235,66,-10.21,31.18,57.6,2.19
73,avarua,4,CK,1587428018,74,-21.21,-159.78,84.2,13.87
74,bathsheba,75,BB,1587428131,88,13.22,-59.52,77.0,18.34
75,namie,75,JP,1587428236,71,37.48,141.0,64.0,4.7
76,hami,27,CN,1587428101,21,42.8,93.45,56.5,5.23
77,upernavik,100,GL,1587428127,90,72.79,-56.15,28.81,3.02
78,kvarkeno,46,RU,1587428238,86,52.08,59.73,41.0,8.3
79,smithers,20,CA,1587428127,27,54.78,-127.17,64.4,21.92
80,ponta do sol,20,PT,1587428095,55,32.67,-17.1,62.6,5.82
81,east london,72,ZA,1587428099,70,-33.02,27.91,70.36,11.7
82,paithan,0,IN,1587428240,20,19.48,75.38,75.67,4.94
83,gazli,0,UZ,1587428241,25,40.13,63.45,65.86,2.28
84,saldanha,100,ZA,1587428100,82,-33.01,17.94,59.0,2.24
85,krasnoselkup,100,RU,1587428100,96,65.7,82.47,33.01,7.52
86,ribeira grande,75,PT,1587428111,77,38.52,-28.7,62.6,20.8
87,athens,40,GR,1587427969,77,37.98,23.72,64.4,3.36
88,castro,1,BR,1587427927,62,-24.79,-50.01,56.46,2.62
89,carnarvon,75,AU,1587428139,60,-24.87,113.63,68.0,12.75
90,campohermoso,40,ES,1587428245,72,36.94,-2.13,60.8,20.8
91,thompson,40,CA,1587428152,41,55.74,-97.86,21.2,10.29
92,xai-xai,0,MZ,1587428246,87,-25.05,33.64,71.08,5.37
93,drayton valley,32,CA,1587428247,53,53.22,-114.99,59.31,4.43
94,yerbogachen,2,RU,1587428247,85,61.28,108.01,30.83,5.46
95,benguela,62,AO,1587428248,83,-12.58,13.41,78.6,3.56
96,markova,55,UA,1587428249,74,48.68,24.41,32.18,0.36
97,carinhanha,29,BR,1587428249,77,-14.3,-43.77,71.35,4.41
98,potrero del llano,5,MX,1587428250,74,21.05,-97.68,86.0,9.17
99,bethel,1,US,1587428114,32,41.37,-73.41,51.8,4.7
100,bandarbeyla,86,SO,1587428251,79,9.49,50.81,81.19,10.63
101,hof,0,DE,1587428252,52,50.32,11.92,43.0,11.99
102,chake chake,99,TZ,1587428252,75,-5.25,39.77,82.87,16.11
103,kaitangata,86,NZ,1587428098,58,-46.28,169.85,55.72,3.76
104,mago,100,RU,1587428254,94,53.25,140.18,27.05,18.43
105,atuona,2,PF,1587428090,72,-9.8,-139.03,82.62,11.23
106,tecoanapa,9,MX,1587428255,66,16.52,-98.75,83.34,7.9
107,yellowknife,90,CA,1587428091,57,62.46,-114.35,23.0,6.93
108,alice springs,75,AU,1587428257,41,-23.7,133.88,75.2,14.99
109,sterling,20,US,1587428257,54,39.01,-77.43,59.0,4.7
110,georgetown,20,MY,1587428107,94,5.41,100.34,80.6,1.12
111,souillac,40,MU,1587428145,78,-20.52,57.52,77.0,17.22
112,tommot,57,RU,1587428259,87,58.96,126.29,23.09,3.04
113,makinsk,100,KZ,1587428260,54,52.63,70.42,54.88,7.36
114,provideniya,64,RU,1587428108,73,64.38,-173.3,23.0,8.95
115,vila velha,66,BR,1587428128,78,-20.33,-40.29,75.2,8.05
116,mamou,93,GN,1587428261,62,10.5,-12.0,76.14,3.31
117,kangaatsiaq,29,GL,1587428262,89,68.31,-53.46,28.96,9.33
118,umuahia,60,NG,1587428262,89,5.53,7.49,76.37,4.14
119,albany,20,US,1587428094,31,42.6,-73.97,51.01,5.82
120,beitbridge,0,ZW,1587428264,56,-22.22,30.0,67.21,6.69
121,alofi,75,NU,1587428105,70,-19.06,-169.92,84.2,13.87
122,nalagarh,99,IN,1587428265,42,31.05,76.72,69.4,3.33
123,sakakah,87,SA,1587428152,52,29.97,40.21,69.8,4.7
124,port lincoln,14,AU,1587428090,62,-34.73,135.87,66.61,23.06
125,gizo,92,SB,1587428267,65,-8.1,156.84,86.72,6.06
126,takoradi,15,GH,1587428223,81,4.88,-1.76,81.73,10.18
127,ulaangom,63,MN,1587428162,44,49.98,92.07,40.53,1.54
128,college,90,US,1587428138,81,64.86,-147.8,44.01,0.56
129,suntar,91,RU,1587428269,93,62.14,117.63,29.07,4.18
130,chapais,90,CA,1587428101,38,49.78,-74.85,26.6,6.93
131,rabat,75,MA,1587428270,72,33.99,-6.84,63.0,12.75
132,vestmannaeyjar,90,IS,1587428101,89,63.44,-20.27,46.98,28.63
133,cidreira,0,BR,1587428097,88,-30.18,-50.21,67.57,10.87
134,tessalit,0,ML,1587428103,14,20.2,1.01,79.52,12.5
135,guerrero negro,82,MX,1587428149,66,27.98,-114.06,64.42,21.97
136,pokhara,100,NP,1587427929,36,28.23,83.98,62.2,3.22
137,sidi ali,9,DZ,1587428274,75,36.1,0.42,56.19,14.14
138,wattegama,25,LK,1587428274,86,6.8,81.48,75.85,2.93
139,hithadhoo,73,MV,1587428275,70,-0.6,73.08,84.58,8.19
140,takhtamygda,100,RU,1587428276,75,54.1,123.57,24.03,16.22
141,krasnoyarskiy,40,RU,1587428276,87,51.97,59.9,40.78,8.97
142,onega,96,RU,1587428277,95,63.91,38.14,32.68,5.17
143,poum,12,NC,1587428144,78,-20.23,164.02,78.3,13.69
144,te anau,91,NZ,1587428147,64,-45.42,167.72,52.88,3.56
145,nagorsk,29,RU,1587428279,92,59.32,50.81,31.5,3.87
146,villa carlos paz,0,AR,1587428280,56,-31.42,-64.5,75.0,5.82
147,tabora,100,TZ,1587428286,68,-5.02,32.8,65.07,3.87
148,nikolskoye,75,RU,1587428117,80,59.7,30.79,41.0,6.71
149,mayumba,98,GA,1587428287,85,-3.43,10.66,77.16,9.01
150,nizhniy kuranakh,70,RU,1587428287,88,58.84,125.49,20.84,5.06
151,bambous virieux,40,MU,1587428100,78,-20.34,57.76,77.0,17.22
152,pangnirtung,100,CA,1587428134,93,66.15,-65.71,19.04,2.39
153,mungeli,28,IN,1587428289,27,22.07,81.68,80.08,0.74
154,basco,42,PH,1587428290,87,20.45,121.97,79.72,8.95
155,ancud,20,CL,1587428102,87,-41.87,-73.82,44.6,4.7
156,berezna,73,UA,1587428292,80,51.57,31.78,35.37,8.77
157,siderno,55,IT,1587428292,27,38.28,16.3,63.0,7.61
158,amalapuram,59,IN,1587428293,91,16.58,82.02,76.75,2.62
159,namatanai,72,PG,1587428124,66,-3.67,152.43,84.6,2.06
160,sherman,5,US,1587428189,64,33.64,-96.61,71.01,4.7
161,pontes e lacerda,78,BR,1587428296,85,-15.23,-59.34,73.63,2.15
162,praia da vitoria,40,PT,1587428302,72,38.73,-27.07,59.0,17.09
163,sinnamary,100,GF,1587428303,86,5.38,-52.95,78.71,8.66
164,kawalu,98,ID,1587428152,81,-7.38,108.21,76.59,0.74
165,tiznit,52,MA,1587428304,72,29.58,-9.5,55.94,9.06
166,parati,22,BR,1587428227,73,-23.22,-44.71,71.8,1.72
167,ilulissat,55,GL,1587428119,58,69.22,-51.1,28.4,4.7
168,yeniseysk,9,RU,1587428310,77,58.45,92.17,34.88,6.53
169,flinders,40,AU,1587428311,55,-34.58,150.86,70.0,6.93
170,santa maria,0,BR,1587428173,68,-29.68,-53.81,68.0,2.24
171,aklavik,90,CA,1587428098,78,68.22,-135.01,12.2,9.17
172,khani,100,GE,1587428152,87,41.96,42.96,55.4,12.75
173,baruun-urt,3,MN,1587428117,59,46.68,113.28,22.98,21.88
174,dauphin,100,CA,1587428314,76,51.15,-100.05,31.95,10.38
175,tasiilaq,100,GL,1587428120,87,65.61,-37.64,35.6,13.87
176,kollam,20,IN,1587428169,78,8.88,76.6,82.4,3.36
177,saint-pierre,75,RE,1587428135,68,-21.34,55.48,71.6,5.82
178,lompoc,40,US,1587428094,72,34.64,-120.46,60.8,13.87
179,svetlyy,0,RU,1587428317,100,54.67,20.13,39.2,4.47
180,honningsvag,79,NO,1587428318,76,70.98,25.97,38.71,26.73
181,vila do maio,20,CV,1587428318,73,15.13,-23.22,71.6,17.22
182,katsuura,75,JP,1587428098,87,35.13,140.3,64.0,3.36
183,broome,1,US,1587428121,38,42.25,-75.83,46.0,4.7
184,veraval,0,IN,1587428322,77,20.9,70.37,77.2,10.42
185,kaputa,18,ZM,1587428323,68,-8.47,29.66,65.5,0.13
186,olga,100,RU,1587428324,90,43.74,135.29,38.3,3.53
187,antofagasta,75,CL,1587428207,77,-23.65,-70.4,64.4,12.75
188,port elizabeth,75,ZA,1587428094,82,-33.92,25.57,64.4,12.75
189,bredasdorp,100,ZA,1587428106,63,-34.53,20.04,62.6,4.7
190,rock sound,58,BS,1587428326,85,24.9,-76.2,80.35,13.53
191,appleton,40,US,1587428100,66,44.26,-88.42,50.0,17.22
192,narsaq,61,GL,1587428327,36,60.92,-46.05,30.2,4.7
193,rocha,0,UY,1587428006,79,-34.48,-54.33,62.29,2.04
194,kahului,40,US,1587428160,45,20.89,-156.47,84.2,6.93
195,hun,0,LY,1587428329,24,29.13,15.95,75.06,8.16
196,coronado,75,US,1587428030,72,32.69,-117.18,64.99,8.05
197,ahipara,100,NZ,1587428129,90,-35.17,173.17,64.02,2.89
198,koslan,6,RU,1587428331,96,63.46,48.9,29.12,3.69
199,mahebourg,40,MU,1587428095,78,-20.41,57.7,77.0,17.22
200,edd,100,ER,1587428148,57,13.93,41.69,85.46,7.63
201,tuy hoa,81,VN,1587427906,81,13.08,109.3,78.21,3.47
202,ziro,100,IN,1587428333,55,27.63,93.83,49.91,1.9
203,ostrovnoy,96,RU,1587428142,97,68.05,39.51,31.24,19.17
204,talnakh,90,RU,1587428334,94,69.49,88.4,32.0,24.61
205,faanui,95,PF,1587428140,78,-16.48,-151.75,81.82,17.65
206,pevek,100,RU,1587428104,93,69.7,170.31,8.92,7.9
207,buala,64,SB,1587428108,74,-8.14,159.59,84.43,6.6
208,nome,90,US,1587428092,86,64.5,-165.41,32.0,4.7
209,tiksi,95,RU,1587428132,95,71.69,128.87,22.75,2.86
210,merauke,84,ID,1587428338,75,-8.47,140.33,83.97,8.68
211,yulara,40,AU,1587428108,49,-25.24,130.99,73.4,8.05
212,olafsvik,100,IS,1587428118,87,64.89,-23.71,45.46,16.87
213,richards bay,1,ZA,1587428340,88,-28.78,32.04,70.41,11.97
214,teya,64,RU,1587428343,77,60.38,92.63,34.03,2.95
215,umm bab,75,QA,1587428343,69,25.21,50.81,80.01,3.36
216,lebu,29,CL,1587428104,73,-37.62,-73.65,55.51,15.32
217,san vicente,0,AR,1587428344,63,-26.62,-54.13,61.63,2.33
218,makakilo city,1,US,1587427947,61,21.35,-158.09,82.4,8.05
219,necochea,97,AR,1587428157,75,-38.55,-58.74,60.01,8.01
220,villa juarez,20,MX,1587428070,33,24.65,-107.54,87.8,11.41
221,geraldton,2,AU,1587428107,82,-28.77,114.6,57.2,10.29
222,kindu,62,CD,1587428347,82,-2.95,25.95,69.76,0.63
223,khatanga,100,RU,1587428110,96,71.97,102.5,27.36,4.59
224,asau,31,RO,1587428125,59,46.43,26.4,37.4,4.7
225,yichun,100,CN,1587428349,86,47.7,128.9,29.57,3.89
226,egvekinot,27,RU,1587428167,89,66.32,-179.17,12.47,6.93
227,san policarpo,100,PH,1587428350,80,12.18,125.51,83.21,12.19
228,saint-francois,92,FR,1587428149,87,46.42,3.91,55.4,4.7
229,yongan,1,CN,1587428351,39,39.7,113.69,33.03,14.52
230,new norfolk,34,AU,1587428352,74,-42.78,147.06,55.99,4.0
231,middelburg,0,ZA,1587428353,27,-25.78,29.46,52.97,2.04
232,touros,40,BR,1587428354,94,-5.2,-35.46,78.8,3.36
233,mehamn,71,NO,1587428355,81,71.04,27.85,36.09,23.51
234,werda,27,BW,1587428356,25,-25.27,23.28,72.86,4.47
235,bubaque,0,GW,1587428356,70,11.28,-15.83,78.62,14.88
236,tura,100,IN,1587428357,76,25.52,90.22,69.73,1.79
237,sechura,46,PE,1587428358,73,-5.56,-80.82,74.14,15.43
238,bristol,1,US,1587427876,45,41.83,-71.17,45.0,3.36
239,nata,2,PA,1587428359,46,8.33,-80.52,79.0,8.63
240,oistins,75,BB,1587428329,88,13.07,-59.53,77.0,18.34
241,mogadishu,100,SO,1587428360,78,2.04,45.34,82.98,9.8
242,dong xoai,96,VN,1587428360,75,11.53,106.92,78.96,3.2
243,kalyazin,0,RU,1587428361,89,57.24,37.84,32.81,8.77
244,saint george,1,US,1587428003,25,37.1,-113.58,75.0,6.93
245,pacifica,75,US,1587428362,55,37.61,-122.49,62.6,21.92
246,tobermory,79,CA,1587428363,75,45.25,-81.67,39.99,30.51
247,itarema,59,BR,1587428121,86,-2.92,-39.92,78.4,6.08
248,mormugao,82,IN,1587428365,82,15.4,73.8,82.56,4.59
249,mastic beach,1,US,1587428365,70,40.77,-72.85,46.99,5.82
250,ust-kan,0,RU,1587428366,44,50.93,84.76,39.58,2.21
251,aneby,0,SE,1587428367,70,57.84,14.81,32.0,2.24
252,waterfoot,0,GB,1587428367,83,53.69,-2.25,46.99,15.08
253,praia,20,CV,1587428165,73,14.92,-23.51,71.6,17.22
254,dossor,59,KZ,1587428368,60,47.53,52.98,61.84,15.05
255,kijang,98,KR,1587428369,35,35.24,129.21,57.2,10.29
256,pathein,1,MM,1587428370,88,16.78,94.73,78.22,6.98
257,skibbereen,20,IE,1587428370,70,51.55,-9.27,46.4,12.75
258,sarkand,0,KZ,1587428371,26,45.41,79.92,51.71,4.83
259,latung,0,PH,1587428372,71,5.5,120.88,83.26,2.21
260,nanortalik,86,GL,1587428122,88,60.14,-45.24,31.37,3.89
261,kaeo,100,NZ,1587428155,95,-35.1,173.78,64.0,1.01
262,aloleng,81,PH,1587428373,71,16.13,119.78,84.42,5.26
263,san patricio,5,MX,1587428106,74,19.22,-104.7,86.0,17.22
264,tshikapa,84,CD,1587428376,80,-6.42,20.8,71.73,1.36
265,sarangani,33,PH,1587428377,78,5.4,125.46,83.14,16.6
266,gorontalo,67,ID,1587428083,75,0.54,123.06,83.23,1.68
267,zatoka,52,UA,1587428378,42,46.07,30.47,44.6,4.47
268,qaanaaq,28,GL,1587428102,80,77.48,-69.36,6.48,5.75
269,sola,83,VU,1587428379,73,-13.88,167.55,82.11,3.02
270,tazovskiy,100,RU,1587428122,98,67.47,78.7,32.97,9.06
271,anadyr,9,RU,1587428133,78,64.75,177.48,14.0,6.71
272,kulu,96,TR,1587428381,44,39.1,33.08,55.81,6.08
273,campos,2,BR,1587428382,90,-21.75,-41.3,68.04,5.23
274,itatskiy,0,RU,1587428382,60,56.07,89.04,41.16,4.88
275,chulman,78,RU,1587428383,82,56.85,124.91,16.66,16.28
276,kloulklubed,90,PW,1587428383,83,7.04,134.26,82.4,5.82
277,kang,2,BW,1587428384,29,-23.68,22.79,66.15,4.99
278,klaksvik,0,FO,1587428096,93,62.23,-6.59,41.0,3.36
279,comodoro rivadavia,0,AR,1587428118,46,-45.87,-67.5,53.6,6.93
280,delmas,0,ZA,1587428386,67,-26.15,28.68,57.0,3.31
281,jishou,99,CN,1587428386,80,28.32,109.72,55.94,4.88
282,eureka,20,US,1587428100,71,40.8,-124.16,57.0,10.29
283,lima,0,PE,1587428252,73,-12.04,-77.03,71.6,14.99
284,cantagalo,51,BR,1587428389,81,-21.98,-42.37,64.06,2.15
285,shangqiu,53,CN,1587428390,45,34.45,115.65,53.44,12.37
286,tautira,57,PF,1587428156,62,-17.73,-149.15,87.8,8.05
287,humen,40,CN,1587428391,88,22.82,113.67,82.0,8.95
288,sholapur,57,IN,1587428392,19,17.68,75.92,88.27,5.91
289,natal,75,BR,1587428379,88,-5.79,-35.21,80.6,11.41
290,mbaiki,92,CF,1587428393,84,3.87,17.99,70.5,2.06
291,syracuse,40,IT,1587428393,72,37.09,15.28,61.0,14.99
292,villazon,53,BO,1587428394,22,-22.09,-65.59,51.67,11.86
293,yola,94,NG,1587428395,50,9.2,12.48,82.54,3.53
294,domat,90,CH,1587428395,100,46.83,9.45,45.0,3.36
295,ereymentau,100,KZ,1587428397,34,51.62,73.1,56.93,9.19
296,mahibadhoo,91,MV,1587428397,74,3.78,72.97,84.38,6.98
297,dunedin,92,NZ,1587428131,62,-45.87,170.5,59.0,10.0
298,obihiro,75,JP,1587428398,87,42.92,143.2,48.2,2.24
299,erenhot,27,CN,1587428399,48,43.65,111.98,27.93,21.45
300,sabang,80,ID,1587428224,77,5.89,95.32,83.79,9.44
301,chuy,0,UY,1587428113,73,-33.7,-53.46,67.1,2.91
302,jalu,0,LY,1587428109,17,29.03,21.55,77.61,15.05
303,severo-kurilsk,80,RU,1587428104,91,50.68,156.12,32.94,3.98
304,marathon,90,US,1587428322,86,44.9,-89.77,39.99,11.41
305,san quintin,22,MX,1587428402,69,30.48,-115.95,63.27,23.06
306,westport,1,US,1587428110,57,41.14,-73.36,51.01,3.36
307,ambilobe,85,MG,1587428136,81,-13.2,49.05,71.2,5.39
308,nabire,76,ID,1587428311,68,-3.37,135.48,84.76,1.23
309,jaque,70,PA,1587428405,79,7.52,-78.17,79.97,1.36
310,bilibino,90,RU,1587428115,85,68.05,166.44,7.03,3.65
311,beterou,97,BJ,1587428406,74,9.2,2.26,76.05,1.03
312,warrnambool,95,AU,1587428407,78,-38.38,142.48,59.0,17.87
313,sukhumi,100,GE,1587428407,89,43.0,41.02,54.48,4.88
314,nantucket,1,US,1587428136,77,41.28,-70.1,42.8,13.87
315,korla,77,CN,1587428142,50,41.76,86.15,57.99,7.0
316,alyangula,4,AU,1587428167,88,-13.85,136.42,80.6,6.08
317,roald,0,NO,1587428106,93,62.58,6.13,42.01,6.93
318,tumut,45,AU,1587428410,50,-35.3,148.22,63.21,4.25
319,santa cruz del sur,22,CU,1587428411,75,20.71,-78.0,81.75,12.68
320,mocuba,10,MZ,1587428411,94,-16.84,36.99,66.79,3.58
321,cosala,7,MX,1587428412,72,24.41,-106.69,79.0,5.99
322,srandakan,89,ID,1587428413,83,-7.94,110.25,80.2,7.36
323,dingli,75,MT,1587428413,100,35.86,14.38,61.0,4.7
324,viedma,16,AR,1587428411,49,-40.81,-63.0,49.89,2.21
325,northam,89,GB,1587428150,74,51.03,-4.22,51.01,11.01
326,hovd,22,MN,1587428125,33,48.01,91.64,39.72,0.72
327,warmbad,68,NA,1587428416,22,-28.45,18.73,67.77,7.43
328,batemans bay,35,AU,1587428155,68,-35.72,150.18,69.01,1.01
329,puri,29,IN,1587427986,86,19.8,85.85,80.29,14.45
330,khairpur nathan shah,3,PK,1587428417,25,27.09,67.73,82.47,2.35
331,nioro,0,GM,1587428418,25,13.35,-15.75,80.89,11.12
332,olavarria,81,AR,1587428419,67,-36.89,-60.32,60.01,5.01
333,sendafa,75,ET,1587428419,82,9.15,39.03,59.0,6.93
334,tiverton,95,GB,1587428420,57,50.9,-3.48,51.8,14.99
335,singkawang,78,ID,1587428420,86,0.9,109.0,79.72,4.18
336,caraballeda,71,VE,1587428421,83,10.61,-66.85,73.0,5.3
337,haines junction,100,CA,1587428421,56,60.75,-137.51,41.99,9.28
338,belmonte,75,BR,1587428140,78,-15.86,-38.88,77.0,6.93
339,kavaratti,99,IN,1587427984,69,10.57,72.64,84.99,4.85
340,portobelo,30,PA,1587428423,55,9.55,-79.65,89.6,5.73
341,pandan,98,PH,1587428424,80,14.05,124.17,82.69,9.44
342,waipawa,76,NZ,1587428155,55,-41.41,175.52,62.6,10.29
343,najran,90,SA,1587428138,100,17.49,44.13,62.6,9.17
344,ngunguru,100,NZ,1587428141,99,-35.62,174.5,64.0,5.01
345,hay river,90,CA,1587428426,64,60.82,-115.8,35.6,13.87
346,taksimo,32,RU,1587428427,78,56.34,114.88,20.95,5.77
347,contamana,0,PE,1587428429,58,-7.33,-75.02,76.14,2.64
348,burmakino,0,RU,1587428429,80,57.42,40.24,33.8,4.47
349,taoudenni,0,ML,1587428430,16,22.68,-3.98,79.99,7.31
350,eyl,45,SO,1587428431,77,7.98,49.82,82.99,11.65
351,hecun,55,CN,1587428431,34,36.53,114.11,50.34,2.62
352,padang,35,ID,1587428142,72,-0.95,100.35,79.48,4.23
353,fairbanks,90,US,1587428015,87,64.84,-147.72,44.01,4.7
354,tirur,84,IN,1587428433,84,10.9,75.92,80.2,2.28
355,aitape,99,PG,1587428433,71,-3.14,142.35,82.02,3.33
356,laureles,20,US,1587428434,78,26.11,-97.49,80.6,13.87
357,sobolevo,22,RU,1587428435,88,54.43,31.9,32.65,7.31
358,florianopolis,0,BR,1587427963,77,-27.61,-48.5,68.0,1.12
359,douglas,40,US,1587428154,21,41.3,-96.17,69.8,18.34
360,namibe,15,AO,1587428099,71,-15.2,12.15,75.87,4.47
361,cayenne,90,GF,1587428291,100,4.93,-52.33,73.4,4.5
362,chara,73,RU,1587428439,78,56.91,118.26,18.25,4.05
363,piritiba,33,BR,1587428439,83,-11.73,-40.56,69.6,5.3
364,mumford,9,GH,1587428440,82,5.26,-0.76,81.59,10.54
365,voyvozh,0,RU,1587428345,96,62.89,54.96,28.63,3.83
366,meadow lake,75,US,1587428441,11,34.8,-106.54,72.0,11.41
367,ginir,100,ET,1587428441,55,7.13,40.7,57.94,3.89
368,chernyshevskiy,54,RU,1587428114,92,63.01,112.47,26.92,6.62
369,muswellbrook,47,AU,1587428443,50,-32.27,150.9,69.01,4.0
370,montevideo,0,UY,1587428272,60,-34.83,-56.17,68.0,1.12
371,panzhihua,0,CN,1587428444,29,26.59,101.71,66.94,1.45
372,vila franca do campo,40,PT,1587428007,62,37.72,-25.43,59.0,9.17
373,limbang,75,MY,1587428445,88,4.75,115.0,80.6,1.12
374,coari,91,BR,1587428446,84,-4.08,-63.14,77.79,1.95
375,kamiiso,75,JP,1587428447,93,41.82,140.65,50.0,9.17
376,rio gallegos,40,AR,1587428242,53,-51.62,-69.22,51.8,34.45
377,ashqelon,4,IL,1587428448,17,31.67,34.57,62.01,5.44
378,yarada,40,IN,1587428450,88,17.65,83.27,80.6,4.7
379,colares,75,PT,1587428451,93,38.8,-9.45,57.0,3.36
380,amapa,100,BR,1587427986,94,1.0,-52.0,72.64,2.8
381,neyshabur,0,IR,1587428452,30,36.21,58.8,58.3,4.61
382,kupang,20,ID,1587428453,94,-10.17,123.58,78.8,4.7
383,bodden town,20,KY,1587428453,74,19.28,-81.25,84.2,11.41
384,port hardy,75,CA,1587428110,76,50.7,-127.42,51.8,9.17
385,sao joao da barra,1,BR,1587427921,86,-21.64,-41.05,70.65,8.95
386,coihaique,40,CL,1587428455,75,-45.58,-72.07,41.0,5.91
387,oboyan,0,RU,1587428456,86,51.21,36.28,36.0,11.18
388,monchegorsk,100,RU,1587428456,94,67.94,32.87,27.63,5.88
389,biograd na moru,75,HR,1587428457,36,43.94,15.45,62.6,11.41
390,sanmenxia,97,CN,1587428458,29,34.77,111.18,57.74,0.74
391,albanel,20,CA,1587428458,48,48.88,-72.45,21.2,4.7
392,cervo,99,ES,1587428459,96,43.67,-7.41,51.01,3.0
393,kihei,40,US,1587428466,51,20.79,-156.47,82.4,10.29
394,lorengau,13,PG,1587428120,67,-2.02,147.27,85.28,4.25
395,cabo san lucas,5,MX,1587428049,34,22.89,-109.91,82.4,17.22
396,nemuro,75,JP,1587428046,100,43.32,145.57,41.0,6.93
397,fenoarivo,97,MG,1587428468,60,-18.93,47.44,57.34,5.19
398,bom jesus,75,BR,1587428469,83,-9.07,-44.36,74.61,1.61
399,eenhana,81,NA,1587428469,60,-17.47,16.33,69.8,4.7
400,iqaluit,75,CA,1587428116,64,63.75,-68.51,0.0,14.99
401,mateo,1,HN,1587428470,45,14.08,-87.32,86.0,14.99
402,le lorrain,90,MQ,1587428471,78,14.83,-61.06,78.8,11.41
403,kamenka,100,RU,1587428472,96,51.32,42.77,33.01,1.99
404,berlevag,97,NO,1587428145,81,70.86,29.09,36.23,23.91
405,luderitz,3,NA,1587428109,68,-26.65,15.16,64.4,6.93
406,freeport,1,US,1587427981,70,40.66,-73.58,54.0,8.05
407,labuhan,37,ID,1587428474,81,-6.88,112.21,81.93,7.11
408,marmaris,75,TR,1587428475,93,36.85,28.27,62.6,2.24
409,bayir,100,TR,1587428475,87,37.27,28.22,60.8,5.82
410,paralimni,0,CY,1587428476,71,35.04,33.98,60.01,9.17
411,byron bay,73,AU,1587428476,53,-28.65,153.62,75.2,4.7
412,san cristobal,40,VE,1587428477,55,7.77,-72.22,87.8,2.24
413,torbay,75,CA,1587428133,74,47.67,-52.73,39.0,17.22
414,nyurba,96,RU,1587428153,94,63.28,118.33,29.12,4.21
415,atasu,46,KZ,1587428479,39,48.68,71.64,51.96,9.78
416,walvis bay,99,NA,1587428098,56,-22.96,14.51,73.4,3.36
417,gladstone,0,AU,1587428480,50,-23.85,151.25,78.8,4.7
418,tymovskoye,100,RU,1587428480,67,50.85,142.66,39.78,5.86
419,talara,95,PE,1587428481,70,-4.58,-81.27,75.58,15.55
420,bayangol,0,RU,1587428482,55,50.7,103.47,23.81,2.93
421,dagda,53,LV,1587428482,90,56.1,27.54,32.29,4.99
422,la ronge,75,CA,1587428483,50,55.1,-105.28,28.4,8.05
423,black river,20,JM,1587428483,79,18.03,-77.85,84.2,6.93
424,haimen,75,CN,1587428484,94,23.19,116.61,71.6,6.71
425,morondava,0,MG,1587428485,69,-20.28,44.28,77.07,4.65
426,komsomolskiy,2,UZ,1587428155,51,40.43,71.72,59.0,6.93
427,mporokoso,5,ZM,1587428486,65,-9.37,30.12,59.22,4.83
428,nettuno,75,IT,1587428486,87,41.48,12.68,61.0,3.36
429,stary sacz,0,PL,1587428487,76,49.56,20.64,28.99,0.65
430,puerto escondido,20,MX,1587428487,74,15.85,-97.07,82.4,6.93
431,dalvik,39,IS,1587428488,75,65.97,-18.53,44.6,13.87
432,victor harbor,22,AU,1587428167,69,-35.57,138.62,64.99,4.0
433,san rafael,81,AR,1587428489,33,-34.62,-68.33,62.64,7.14
434,vao,18,NC,1587428146,80,-22.67,167.48,76.14,13.94
435,kapiri mposhi,47,ZM,1587428490,62,-13.97,28.68,57.29,3.4
436,mandera,100,KE,1587428491,15,3.94,41.87,78.01,1.95
437,dongkan,46,CN,1587428492,48,34.0,119.83,52.18,14.72
438,nogliki,100,RU,1587428492,90,51.83,143.17,33.87,13.69
439,maceio,20,BR,1587428285,78,-9.67,-35.74,80.6,4.7
440,pochutla,75,MX,1587428149,62,15.74,-96.47,86.0,12.75
441,vaux-sur-sure,14,BE,1587428494,51,49.91,5.57,50.0,20.2
442,maniitsoq,54,GL,1587428495,83,65.42,-52.9,28.35,2.21
443,belle glade,92,US,1587428315,77,26.68,-80.67,84.0,5.99
444,henties bay,74,NA,1587428496,89,-22.12,14.28,62.01,1.99
445,jiutai,75,CN,1587428496,63,44.15,125.83,30.2,15.66
446,port hedland,86,AU,1587428146,88,-20.32,118.57,80.6,5.82
447,gloversville,1,US,1587428498,35,43.05,-74.34,45.0,6.93
448,chalon-sur-saone,98,FR,1587428498,58,46.78,4.85,57.2,11.41
449,isangel,75,VU,1587428100,83,-19.55,169.27,82.4,3.36
450,kalmunai,32,LK,1587428156,79,7.42,81.82,81.84,4.94
451,blanes,75,ES,1587428500,100,41.67,2.79,59.0,5.82
452,puteyets,91,RU,1587428500,96,65.17,57.09,31.91,6.33
453,grand gaube,23,MU,1587428501,81,-20.01,57.66,75.0,8.01
454,margate,24,GB,1587428146,64,51.38,1.39,53.01,4.0
455,muli,82,MV,1587428502,70,2.92,73.57,85.08,5.08
456,alta floresta,98,BR,1587428396,90,-9.88,-56.09,72.27,0.89
457,olinda,75,BR,1587428103,78,-8.01,-34.86,80.6,6.93
458,vad,100,RU,1587428504,78,55.53,44.21,40.33,14.81
459,humaita,95,BR,1587428505,95,-7.51,-63.02,75.6,1.99
460,hoa binh,75,VN,1587428295,88,20.81,105.34,78.8,3.36
461,praya,20,CV,1587428506,73,14.92,-23.51,71.6,17.22
462,kalemie,95,CD,1587428507,65,-5.95,29.19,71.62,3.04
463,baykit,100,RU,1587428507,87,61.67,96.37,31.84,3.11
464,noumea,90,NC,1587427853,94,-22.28,166.46,78.01,10.29
465,beringovskiy,73,RU,1587427928,93,63.05,179.32,15.49,13.78
466,janauba,49,BR,1587428509,71,-15.8,-43.31,70.05,5.19
467,mecca,0,SA,1587428344,56,21.43,39.83,72.7,1.34
468,lavrentiya,88,RU,1587428135,91,65.58,-171.0,18.82,7.11
469,vardo,100,NO,1587428122,80,70.37,31.11,36.41,23.09
470,warwick,75,US,1587428511,52,41.7,-71.42,44.6,5.82
471,novoagansk,100,RU,1587428512,75,61.94,76.66,39.34,7.07
472,portland,1,US,1587428224,37,45.52,-122.68,72.0,5.82
473,kutum,55,SD,1587428513,15,14.2,24.67,66.47,4.81
474,aksu,26,CN,1587428514,47,41.12,80.26,53.44,2.46
475,mingyue,34,CN,1587428515,66,43.11,128.92,32.04,16.4
476,mount isa,0,AU,1587428520,12,-20.73,139.5,87.8,13.87
477,katherine,36,AU,1587428521,58,-14.47,132.27,87.8,5.82
478,charters towers,25,AU,1587428139,58,-20.1,146.27,80.55,8.55
479,mende,100,FR,1587428522,71,44.67,3.5,45.66,1.16
480,zalantun,100,CN,1587428523,94,48.0,122.72,25.7,18.59
481,yuncheng,99,CN,1587428523,29,35.02,110.99,56.55,2.37
482,ahmadnagar,17,IN,1587428524,18,19.08,74.73,78.98,5.26
483,tutoia,41,BR,1587428524,82,-2.76,-42.27,79.54,6.06
484,kouroussa,100,GN,1587428525,51,10.65,-9.88,82.89,4.52
485,virginia beach,40,US,1587428431,81,36.85,-75.98,55.4,8.01
486,gaoua,98,BF,1587428530,54,10.3,-3.25,82.06,3.04
487,shirokiy,100,RU,1587428531,79,49.76,129.52,35.53,14.56
488,ifanadiana,67,MG,1587428531,82,-21.3,47.63,64.45,1.41
489,san jose,75,US,1587428292,52,37.34,-121.89,64.4,17.22
490,vrangel,78,RU,1587428532,72,42.73,133.08,38.66,19.75
491,awjilah,0,LY,1587428137,17,29.11,21.29,77.76,15.48
492,fortuna,68,US,1587428108,79,40.6,-124.16,55.99,1.01
493,tornio,4,FI,1587428534,74,65.85,24.15,33.8,2.24
494,auki,59,SB,1587428113,70,-8.77,160.7,84.67,5.97
495,wloclawek,0,PL,1587428536,86,52.65,19.07,37.54,7.65
496,ust-ishim,100,RU,1587428536,93,57.69,71.17,43.57,4.72
497,hamilton,40,US,1587428098,62,39.18,-84.53,63.0,9.17
498,santa rosa,20,PH,1587428537,62,14.31,121.11,88.0,9.17
499,kuytun,0,RU,1587428538,62,54.34,101.5,31.66,3.56
500,akyab,21,MM,1587428539,89,20.15,92.9,75.09,4.41
501,codajas,97,BR,1587428539,77,-3.84,-62.06,79.2,1.1
502,calama,0,CL,1587428540,20,-22.47,-68.93,64.4,16.11
503,karratha,83,AU,1587428107,61,-20.74,116.85,83.43,7.05
504,port hawkesbury,75,CA,1587428541,59,45.62,-61.35,37.99,4.7
505,ruteng,4,ID,1587428542,60,-8.61,120.47,70.14,2.91
506,acari,5,PE,1587428542,61,-15.43,-74.62,71.74,3.71
507,harper,77,LR,1587428543,81,4.38,-7.72,81.23,6.78
508,apatity,100,RU,1587428544,95,67.56,33.4,27.46,6.51
509,kroya,98,ID,1587428544,82,-7.63,109.25,81.66,1.68
510,brus,75,RS,1587428545,100,43.38,21.03,51.8,3.09
511,maragogi,12,BR,1587428545,84,-9.01,-35.22,79.27,8.86
512,port-cartier,20,CA,1587428546,42,50.03,-66.87,32.0,9.17
513,flin flon,20,CA,1587428530,35,54.77,-101.86,26.6,11.41
514,sur,41,OM,1587428137,46,22.57,59.53,84.54,5.39
515,mongoumba,81,CF,1587428548,86,3.64,18.59,71.47,1.88
516,chernushka,90,RU,1587428548,91,56.51,56.08,33.91,8.08
